URL,Laatst gecrawld
https://vollegym.nl/strategiegesprek,2026-02-11
https://vollegym.nl/gym-growth-blueprint,2026-02-02
https://vollegym.nl/screening-call-bart-van-daatselaar,2026-01-01
https://vollegym.nl/startnow,2025-12-27
https://vollegym.nl/onboarding-call-bart-van-daatselaar,2025-12-26
https://vollegym.nl/tmp/workspace/production-frozen/leadgen/common/builder-preview/locales/pl.json,2025-12-24
https://vollegym.nl/tmp/workspace/production-frozen/leadgen/common/builder-preview/locales/en_US.json,2025-12-24
https://vollegym.nl/tmp/workspace/production-frozen/leadgen/common/builder-preview/locales/fr.json,2025-11-16
https://app.vollegym.nl/tmp/workspace/production-frozen/leadgen/common/builder-preview/locales/fi.json,2025-11-09
https://vollegym.nl/tmp/workspace/production-frozen/leadgen/common/builder-preview/locales/it.json,2025-11-06
https://app.vollegym.nl/tmp/workspace/production-frozen/leadgen/common/builder-preview/locales/en_US.json,2025-11-02
https://vollegym.nl/_preview/,2025-11-02
https://app.vollegym.nl/tmp/workspace/production-frozen/leadgen/common/builder-preview/locales/hu.json,2025-10-30
https://app.vollegym.nl/tmp/workspace/production-frozen/leadgen/common/builder-preview/locales/no.json,2025-10-30
https://app.vollegym.nl/startnow-uni,2025-10-23
https://app.vollegym.nl/_preview/,2025-10-22
https://app.vollegym.nl/forgot_password?email,2025-10-06
https://n8n.vollegym.nl/webhook/50a15f50-d22b-4ae1-b7f9-009931563aec,2025-10-06
https://vollegym.nl/tmp/workspace/production-frozen/leadgen/common/builder-preview/locales/no.json,2025-10-02
https://vollegym.nl/tmp/workspace/production-frozen/leadgen/common/builder-preview/locales/es.json,2025-10-02
https://vollegym.nl/tmp/workspace/production-frozen/leadgen/common/builder-preview/locales/sv.json,2025-10-02
https://vollegym.nl/tmp/workspace/production-frozen/leadgen/common/builder-preview/locales/hu.json,2025-10-02
https://vollegym.nl/tmp/workspace/production-frozen/leadgen/common/builder-preview/locales/pt.json,2025-10-02
https://vollegym.nl/tmp/workspace/production-frozen/leadgen/common/builder-preview/locales/da.json,2025-10-02
https://vollegym.nl/tmp/workspace/production-frozen/leadgen/common/builder-preview/locales/fi.json,2025-10-02
https://vollegym.nl/tmp/workspace/production-frozen/leadgen/common/builder-preview/locales/nl.json,2025-10-02
https://vollegym.nl/tmp/workspace/production-frozen/leadgen/common/builder-preview/locales/pt_BR.json,2025-10-02
https://vollegym.nl/tmp/workspace/production-frozen/leadgen/common/builder-preview/locales/de.json,2025-10-02
https://vollegym.nl/tmp/workspace/production-frozen/leadgen/common/builder-preview/locales/fr_CA.json,2025-10-02